{"stats":{"minecraft:picked_up":{"ecologics:coconut_log":1},"minecraft:mined":{"ecologics:coconut_log":1},"minecraft:custom":{"minecraft:jump":26,"minecraft:time_since_rest":1093,"minecraft:sprint_one_cm":3218,"minecraft:leave_game":2,"minecraft:play_time":1093,"minecraft:time_since_death":1093,"minecraft:walk_one_cm":757,"minecraft:climb_one_cm":182,"minecraft:total_world_time":1093,"minecraft:fall_one_cm":1288,"minecraft:fly_one_cm":5487},"minecraft:used":{"ecologics:coconut_planks":4},"minecraft:crafted":{"ecologics:coconut_planks":4}},"DataVersion":3465}