{"stats":{"minecraft:custom":{"minecraft:jump":37,"minecraft:time_since_rest":4355,"minecraft:walk_on_water_one_cm":1175,"minecraft:leave_game":3,"minecraft:play_time":4355,"minecraft:sprint_one_cm":4212,"minecraft:damage_taken":25,"minecraft:time_since_death":4355,"minecraft:walk_one_cm":2151,"minecraft:total_world_time":4355,"minecraft:climb_one_cm":335,"minecraft:fall_one_cm":1288,"minecraft:fly_one_cm":8421},"minecraft:used":{"minecraft:dirt":3,"ecologics:coconut_planks":4},"minecraft:crafted":{"ecologics:coconut_planks":4},"minecraft:mined":{"minecraft:grass_block":1,"ecologics:coconut_log":2,"minecraft:dirt":2},"minecraft:picked_up":{"ecologics:coconut_log":2,"minecraft:dirt":3}},"DataVersion":3465}